{
  "config": {
    "mu_g": 0.15,
    "m_g": 0.1,
    "N_colors": 3,
    "spacetime_dim": 4
  },
  "momentum_points": [
    [
      0.9199932439598815,
      -1.2619520176051537,
      -0.6134412225204553,
      0.653122547431273
    ],
    [
      -0.07164262190208026,
      0.9542841545395753,
      1.8448316048914388,
      -1.53381324913921
    ],
    [
      0.8382708655922437,
      -1.078623377471542,
      -0.342093090369723,
      -1.8685490968194407
    ],
    [
      -1.4563704708292042,
      -0.7208908438044013,
      -0.6320567788480602,
      1.598340865848383
    ],
    [
      0.9672516370660604,
      1.8887318727481643,
      0.3962860413409621,
      -1.0331450716347281
    ],
    [
      -0.6893798803134286,
      -0.7206563068321317,
      -0.6940226893469936,
      0.6918566924472627
    ],
    [
      0.12323171236166486,
      -0.45830328765342276,
      -1.4036409250851336,
      -1.9114433482314164
    ],
    [
      -1.1246612896492296,
      -1.570114384125275,
      1.1417801234089575,
      -1.5500081687444585
    ],
    [
      0.8969129492273447,
      -0.45736524089566943,
      -1.706486441024896,
      1.250920197726343
    ],
    [
      0.3185222809464534,
      -1.0569539485457078,
      1.5787246973306717,
      -1.8189667445177942
    ],
    [
      -1.1927215672089484,
      1.008187711223444,
      0.8375117212395566,
      -0.8429132251020879
    ],
    [
      -1.7519004985888675,
      1.4323122888997752,
      -0.7452094477203897,
      -1.2171463402869391
    ],
    [
      0.06424728944390834,
      1.6409087971297893,
      -1.8258136886264986,
      1.063216352123551
    ],
    [
      0.28989291175483567,
      -0.29820353379273223,
      0.9763217764202401,
      1.8632976977665292
    ],
    [
      -1.083175155349236,
      -1.4254105397115215,
      1.6515269808907882,
      0.6758123098292148
    ],
    [
      -0.2480559137521361,
      0.29303828105713237,
      0.9824556207049762,
      1.0921275948228688
    ],
    [
      1.6795767232758583,
      -0.29262884441750936,
      -0.82635635992242,
      0.5586570671593676
    ],
    [
      -0.3370884028818786,
      0.3783938157959117,
      -0.32005680617619925,
      -1.388016853287302
    ],
    [
      -0.12229299336416632,
      0.7636712877641312,
      1.1971352306705993,
      -0.026694892813812654
    ],
    [
      -1.3390484391583963,
      -0.3412491614022737,
      1.145175715366793,
      -0.34856291753170865
    ]
  ],
  "tensor_values": [
    0.49646468937846006,
    0.8210909191313153,
    0.7556225433668347,
    0.8696179310480167,
    0.3611897219572986,
    0.7235813826362956,
    0.9224623830755527,
    0.631974570453975,
    0.9228679513789706,
    0.797445807768222,
    0.714985795079626,
    0.6758403449334012,
    0.5911353590266443,
    0.9472333069738318,
    0.6498910388847523,
    0.9461487676117326,
    0.9496937036323216,
    0.9213318439776882,
    0.7021416154234258,
    0.9411352897297832
  ],
  "implementation": "fast_monte_carlo"
}