{
  "parameters": {
    "n_nodes": 64,
    "alpha": 0.05,
    "mu": 0.1,
    "tau": 1.0,
    "field_amplitude": 1.0
  },
  "analysis_type": "scan",
  "results": {
    "violation_grid": [
      [
        0.0,
        0.0,
        0.0,
        0.0
      ],
      [
        0.0,
        0.0,
        0.0,
        0.0
      ],
      [
        0.0,
        0.0,
        0.0,
        0.0
      ],
      [
        0.0,
        0.0,
        0.0,
        0.0
      ],
      [
        0.0,
        0.0,
        0.0,
        0.0
      ]
    ],
    "anec_grid": [
      [
        0.0,
        0.0,
        0.0,
        0.0
      ],
      [
        0.0,
        0.0,
        0.0,
        0.0
      ],
      [
        0.0,
        0.0,
        0.0,
        0.0
      ],
      [
        0.0,
        0.0,
        0.0,
        0.0
      ],
      [
        0.0,
        0.0,
        0.0,
        0.0
      ]
    ],
    "bound_grid": [
      [
        -0.03783938651838111,
        -0.011459788077114192,
        -0.0034706361507360712,
        -0.0010510940699550307
      ],
      [
        -0.03751873292308544,
        -0.011362677035251288,
        -0.0034412257384093268,
        -0.0010421870256412623
      ],
      [
        -0.03702638368781298,
        -0.011213567379538165,
        -0.0033960673674115894,
        -0.0010285106579948052
      ],
      [
        -0.03636642644984244,
        -0.011013697064954017,
        -0.0033355359566571404,
        -0.0010101785124956234
      ],
      [
        -0.0355443305693204,
        -0.010764722505990839,
        -0.003260133156959925,
        -0.0009873425158144556
      ]
    ],
    "mu_range": [
      0.05,
      0.08750000000000001,
      0.125,
      0.16250000000000003,
      0.2
    ],
    "tau_range": [
      0.5,
      0.9085602964160698,
      1.6509636244473134,
      3.0
    ],
    "parameters": {
      "n_nodes": 64,
      "alpha": 0.05
    }
  }
}