{
  "parameters": {
    "n_nodes": 64,
    "alpha": 0.05,
    "mu": 0.1,
    "tau": 1.0,
    "field_amplitude": 1.0
  },
  "analysis_type": "warp",
  "results": {
    "total_negative_energy": 0,
    "negative_sites": 0,
    "energy_density": [
      3.9856874435484815e-08,
      4.966350591234172e-05,
      0.00019670622370679977,
      0.00043598066585447804,
      0.0007603621157857921,
      0.0011649553187734784,
      0.0016590606736133684,
      0.002299089960037004,
      0.003274350560706401,
      0.005116654406733499,
      0.009176967336679116,
      0.018627255233140905,
      0.04039069172725056,
      0.08850962514480167,
      0.189362209213589,
      0.3885605570571549,
      0.7580075092042595,
      1.3993879169781904,
      2.437896561609533,
      3.9988253750719003,
      6.162153488815915,
      8.898601972948505,
      12.004378909778161,
      15.066159730982697,
      17.4933060832733,
      18.640928159739893,
      18.011977590694265,
      15.47954979178798,
      11.435833682827733,
      6.778145246411528,
      2.696577376965666,
      0.31497070480441286,
      0.31497070480440437,
      2.696577376965658,
      6.778145246411555,
      11.435833682827715,
      15.47954979178786,
      18.011977590694286,
      18.640928159740024,
      17.49330608327329,
      15.06615973098259,
      12.00437890977817,
      8.898601972948589,
      6.162153488815921,
      3.9988253750718767,
      2.4378965616095387,
      1.3993879169782046,
      0.7580075092042612,
      0.3885605570571528,
      0.18936220921358962,
      0.08850962514480268,
      0.040390691727250586,
      0.01862725523314085,
      0.00917696733667914,
      0.005116654406733521,
      0.003274350560706401,
      0.002299089960037006,
      0.0016590606736133732,
      0.0011649553187734801,
      0.0007603621157857923,
      0.00043598066585447977,
      0.00019670622370680186,
      4.966350591234234e-05,
      3.985687443548534e-08
    ],
    "x_grid": [
      0.0,
      0.015873015873015872,
      0.031746031746031744,
      0.047619047619047616,
      0.06349206349206349,
      0.07936507936507936,
      0.09523809523809523,
      0.1111111111111111,
      0.12698412698412698,
      0.14285714285714285,
      0.15873015873015872,
      0.1746031746031746,
      0.19047619047619047,
      0.20634920634920634,
      0.2222222222222222,
      0.23809523809523808,
      0.25396825396825395,
      0.2698412698412698,
      0.2857142857142857,
      0.30158730158730157,
      0.31746031746031744,
      0.3333333333333333,
      0.3492063492063492,
      0.36507936507936506,
      0.38095238095238093,
      0.3968253968253968,
      0.4126984126984127,
      0.42857142857142855,
      0.4444444444444444,
      0.4603174603174603,
      0.47619047619047616,
      0.49206349206349204,
      0.5079365079365079,
      0.5238095238095237,
      0.5396825396825397,
      0.5555555555555556,
      0.5714285714285714,
      0.5873015873015872,
      0.6031746031746031,
      0.6190476190476191,
      0.6349206349206349,
      0.6507936507936507,
      0.6666666666666666,
      0.6825396825396826,
      0.6984126984126984,
      0.7142857142857142,
      0.7301587301587301,
      0.746031746031746,
      0.7619047619047619,
      0.7777777777777777,
      0.7936507936507936,
      0.8095238095238095,
      0.8253968253968254,
      0.8412698412698412,
      0.8571428571428571,
      0.873015873015873,
      0.8888888888888888,
      0.9047619047619047,
      0.9206349206349206,
      0.9365079365079365,
      0.9523809523809523,
      0.9682539682539681,
      0.9841269841269841,
      1.0
    ],
    "polymer_enhancement": true
  }
}