{
  "timestamp": "2025-06-08 07:28:29",
  "sources_tested": 2,
  "successful_sources": 2,
  "results": {
    "Ghost/Phantom EFT": {
      "success": true,
      "total_energy_J": -2.2332388593319557e-13,
      "stability": 0.9955787422301947,
      "max_negative_density_J_per_m3": -1.1819300169387299e-15,
      "execution_time_s": 0.00816035270690918,
      "mesh_nodes": 6750,
      "parameters": {
        "M": 1000,
        "alpha": 0.01,
        "beta": 0.1,
        "R0": 5.0,
        "sigma": 0.2
      }
    },
    "Metamaterial Casimir": {
      "success": true,
      "total_energy_J": -0.03141592653589793,
      "stability": 0.6448881068765003,
      "max_negative_density_J_per_m3": -0.00028252080856123687,
      "execution_time_s": 0.008240461349487305,
      "mesh_nodes": 6750,
      "parameters": {
        "epsilon": -2.0,
        "mu": -1.5,
        "cell_size": 5e-08,
        "n_layers": 100,
        "R0": 5.0,
        "shell_thickness": 0.5
      }
    }
  }
}